{
  "rows": {
    "bin_Bodis09": {
      "self": 1.0,
      "mean_same": 0.7122881501978381,
      "min_same": 0.3028495204023325,
      "mean_diff": 0.0665447766876153,
      "max_diff": 0.10741168582175258,
      "separation": 0.6457433735102228,
      "margin": 0.1954378345805799
    },
    "bin_rot45": {
      "self": 1.0,
      "mean_same": 0.7400650239628528,
      "min_same": 0.33546670021996455,
      "mean_diff": 0.090471621105949,
      "max_diff": 0.15470676111748058,
      "separation": 0.6495934028569038,
      "margin": 0.18075993910248397
    },
    "tree_Castillo13": {
      "self": 1.0,
      "mean_same": 0.9072303804556322,
      "min_same": 0.8291013311223573,
      "mean_diff": 0.49356458040105383,
      "max_diff": 0.7404621783844646,
      "separation": 0.41366580005457837,
      "margin": 0.08863915273789269
    },
    "nn_Pierens12": {
      "self": 1.0,
      "mean_same": 0.9973118682651316,
      "min_same": 0.9879761895659965,
      "mean_diff": 0.8964127178533132,
      "max_diff": 0.9450573082544835,
      "separation": 0.1008991504118184,
      "margin": 0.042918881311513
    },
    "lcc_new": {
      "self": 1.0,
      "mean_same": 0.7806897393497712,
      "min_same": 0.3920848280698814,
      "mean_diff": 0.0028399889523627875,
      "max_diff": 0.02164163557034119,
      "separation": 0.7778497503974083,
      "margin": 0.37044319249954016
    },
    "cosine_uncentred": {
      "self": 1.0,
      "mean_same": 0.7811779594195507,
      "min_same": 0.3938066800523059,
      "mean_diff": 0.003913797296978677,
      "max_diff": 0.024049348355824084,
      "separation": 0.777264162122572,
      "margin": 0.36975733169648184
    }
  },
  "per_pair": {
    "bin_Bodis09": {
      "menthol": 0.5992125074596131,
      "rotenone": 0.3028495204023325,
      "santonin": 0.9711529410689369,
      "chartreusin": 0.8014199062391727,
      "indanone": 0.8868058758191353
    },
    "bin_rot45": {
      "menthol": 0.6930198851868874,
      "rotenone": 0.33546670021996455,
      "santonin": 0.972863017734808,
      "chartreusin": 0.8074244276784793,
      "indanone": 0.8915510889941247
    },
    "tree_Castillo13": {
      "menthol": 0.9580435336255098,
      "rotenone": 0.8291013311223573,
      "santonin": 0.9933973088272376,
      "chartreusin": 0.8299099716424079,
      "indanone": 0.9256997570606478
    },
    "nn_Pierens12": {
      "menthol": 0.9879761895659965,
      "rotenone": 0.9997978981406629,
      "santonin": 0.9998484159466424,
      "chartreusin": 0.9989368376723566,
      "indanone": 1.0
    },
    "lcc_new": {
      "menthol": 0.5818788850573735,
      "rotenone": 0.3920848280698814,
      "santonin": 0.9997497241327234,
      "chartreusin": 0.9378585845189795,
      "indanone": 0.9918766749698978
    },
    "cosine_uncentred": {
      "menthol": 0.5824379428113349,
      "rotenone": 0.3938066800523059,
      "santonin": 0.9997500119539273,
      "chartreusin": 0.9380074857067993,
      "indanone": 0.9918876765733863
    }
  },
  "n_same": 5,
  "n_diff": 40
}