{
  "rows": {
    "bin_Bodis09": {
      "self": 1.0,
      "mean_same": 0.760240125164865,
      "min_same": 0.3028495204023325,
      "mean_diff": 0.06796808536836284,
      "max_diff": 0.10741168582175258,
      "separation": 0.6922720397965022,
      "margin": 0.1954378345805799
    },
    "bin_rot45": {
      "self": 1.0,
      "mean_same": 0.7833875199690441,
      "min_same": 0.33546670021996455,
      "mean_diff": 0.09215833239201927,
      "max_diff": 0.15470676111748058,
      "separation": 0.6912291875770248,
      "margin": 0.18075993910248397
    },
    "tree_Castillo13": {
      "self": 1.0,
      "mean_same": 0.9226919837130269,
      "min_same": 0.8291013311223573,
      "mean_diff": 0.5325810505318215,
      "max_diff": 0.8252139101816216,
      "separation": 0.3901109331812054,
      "margin": 0.0038874209407356863
    },
    "nn_Pierens12": {
      "self": 1.0,
      "mean_same": 0.9977598902209431,
      "min_same": 0.9879761895659965,
      "mean_diff": 0.9016278982666257,
      "max_diff": 0.9450573082544835,
      "separation": 0.09613199195431743,
      "margin": 0.042918881311513
    },
    "lcc_new": {
      "self": 1.0,
      "mean_same": 0.8172414494581427,
      "min_same": 0.3920848280698814,
      "mean_diff": 0.002789143306233146,
      "max_diff": 0.02164163557034119,
      "separation": 0.8144523061519096,
      "margin": 0.37044319249954016
    }
  },
  "per_pair": {
    "bin_Bodis09": {
      "menthol": 0.5992125074596131,
      "rotenone": 0.3028495204023325,
      "olivetol": 1.0,
      "santonin": 0.9711529410689369,
      "chartreusin": 0.8014199062391727,
      "indanone": 0.8868058758191353
    },
    "bin_rot45": {
      "menthol": 0.6930198851868874,
      "rotenone": 0.33546670021996455,
      "olivetol": 1.0,
      "santonin": 0.972863017734808,
      "chartreusin": 0.8074244276784793,
      "indanone": 0.8915510889941247
    },
    "tree_Castillo13": {
      "menthol": 0.9580435336255098,
      "rotenone": 0.8291013311223573,
      "olivetol": 1.0,
      "santonin": 0.9933973088272376,
      "chartreusin": 0.8299099716424079,
      "indanone": 0.9256997570606478
    },
    "nn_Pierens12": {
      "menthol": 0.9879761895659965,
      "rotenone": 0.9997978981406629,
      "olivetol": 1.0,
      "santonin": 0.9998484159466424,
      "chartreusin": 0.9989368376723566,
      "indanone": 1.0
    },
    "lcc_new": {
      "menthol": 0.5818788850573735,
      "rotenone": 0.3920848280698814,
      "olivetol": 1.0,
      "santonin": 0.9997497241327234,
      "chartreusin": 0.9378585845189795,
      "indanone": 0.9918766749698978
    }
  },
  "n_same": 6,
  "n_diff": 60
}