{
  "bin_Bodis09": {
    "sep15": 0.2924,
    "mar15": 0.2371,
    "sep13": 0.6457433735102228,
    "mar13": 0.1954378345805799
  },
  "bin_rot45": {
    "sep15": 0.2497,
    "mar15": 0.1973,
    "sep13": 0.6495934028569038,
    "mar13": 0.18075993910248397
  },
  "tree_Castillo13": {
    "sep15": 0.0283,
    "mar15": -0.0102,
    "sep13": 0.41366580005457837,
    "mar13": 0.08863915273789269
  },
  "nn_Pierens12": {
    "sep15": 0.036,
    "mar15": 0.0298,
    "sep13": 0.1008991504118184,
    "mar13": 0.042918881311513
  },
  "cosine_uncentred": {
    "sep15": 0.59,
    "mar15": null,
    "sep13": 0.777264162122572,
    "mar13": 0.36975733169648184
  },
  "lcc_new": {
    "sep15": 0.7549,
    "mar15": 0.7096,
    "sep13": 0.7778497503974083,
    "mar13": 0.37044319249954016
  }
}