{
  "bin_Bodis09": {
    "sep15": 0.2924333333333333,
    "mar15": 0.23709999999999998,
    "sep13": 0.6922720397965022,
    "mar13": 0.1954378345805799
  },
  "bin_rot45": {
    "sep15": 0.2496666666666666,
    "mar15": 0.19729999999999992,
    "sep13": 0.6912291875770248,
    "mar13": 0.18075993910248397
  },
  "tree_Castillo13": {
    "sep15": 0.028333333333333433,
    "mar15": -0.010199999999999987,
    "sep13": 0.3901109331812054,
    "mar13": 0.0038874209407356863
  },
  "nn_Pierens12": {
    "sep15": 0.03600000000000003,
    "mar15": 0.02980000000000005,
    "sep13": 0.09613199195431743,
    "mar13": 0.042918881311513
  },
  "lcc_new": {
    "sep15": 0.7548666666666667,
    "mar15": 0.7096,
    "sep13": 0.8144523061519096,
    "mar13": 0.37044319249954016
  }
}