{
  "rows": {
    "bin_Bodis09": {
      "self": 1.0,
      "mean_same": 0.7479543057613813,
      "min_same": 0.32267312481161736,
      "mean_diff": 0.07325778526529295,
      "max_diff": 0.1103384753198255,
      "separation": 0.6746965204960884,
      "margin": 0.21233464949179187
    },
    "bin_rot45": {
      "self": 1.0,
      "mean_same": 0.7675314808471054,
      "min_same": 0.34374708992105396,
      "mean_diff": 0.09550327070976755,
      "max_diff": 0.14947348155893767,
      "separation": 0.6720282101373378,
      "margin": 0.1942736083621163
    },
    "tree_Castillo13": {
      "self": 1.0,
      "mean_same": 0.9144858286077013,
      "min_same": 0.8385938820686422,
      "mean_diff": 0.5017719270368703,
      "max_diff": 0.7698718269997898,
      "separation": 0.412713901570831,
      "margin": 0.06872205506885232
    },
    "nn_Pierens12": {
      "self": 1.0,
      "mean_same": 0.9972391743624417,
      "min_same": 0.9879761895659965,
      "mean_diff": 0.8982821170716118,
      "max_diff": 0.9473329576878696,
      "separation": 0.09895705729082993,
      "margin": 0.040643231878126906
    },
    "lcc_new": {
      "self": 1.0,
      "mean_same": 0.7462197250763761,
      "min_same": 0.38829049729968773,
      "mean_diff": 0.0015589980041312258,
      "max_diff": 0.014727532826607824,
      "separation": 0.744660727072245,
      "margin": 0.3735629644730799
    },
    "local_contrast": {
      "self": 1.0,
      "mean_same": 0.8244655986389411,
      "min_same": 0.46662132365976083,
      "mean_diff": 0.004127941263626289,
      "max_diff": 0.03298275729632169,
      "separation": 0.8203376573753148,
      "margin": 0.4336385663634391
    },
    "cosine_uncentred": {
      "self": 1.0,
      "mean_same": 0.7465634481004646,
      "min_same": 0.3893627419217661,
      "mean_diff": 0.0021117700194921226,
      "max_diff": 0.016681832668604128,
      "separation": 0.7444516780809725,
      "margin": 0.372680909253162
    }
  },
  "per_pair": {
    "bin_Bodis09": {
      "menthol": 0.7339228109372479,
      "rotenone": 0.32267312481161736,
      "santonin": 0.9733929316603057,
      "chartreusin": 0.8128180797756194,
      "indanone": 0.8969645816221162
    },
    "bin_rot45": {
      "menthol": 0.8067409442407419,
      "rotenone": 0.34374708992105396,
      "santonin": 0.9755097066719052,
      "chartreusin": 0.812063573039693,
      "indanone": 0.8995960903621326
    },
    "tree_Castillo13": {
      "menthol": 0.9667041371560844,
      "rotenone": 0.8385938820686422,
      "santonin": 0.9926933912654053,
      "chartreusin": 0.8518826524868636,
      "indanone": 0.9225550800615118
    },
    "nn_Pierens12": {
      "menthol": 0.9879761895659965,
      "rotenone": 0.9998484159466424,
      "santonin": 0.9998484159466424,
      "chartreusin": 0.998522850352927,
      "indanone": 1.0
    },
    "lcc_new": {
      "menthol": 0.4207701545919228,
      "rotenone": 0.38829049729968773,
      "santonin": 0.9998033965871203,
      "chartreusin": 0.9302209410104435,
      "indanone": 0.9920136358927067
    },
    "local_contrast": {
      "menthol": 0.46662132365976083,
      "rotenone": 0.7271413267002756,
      "santonin": 0.9994430584057604,
      "chartreusin": 0.9318160237486328,
      "indanone": 0.9973062606802761
    },
    "cosine_uncentred": {
      "menthol": 0.4213041840238559,
      "rotenone": 0.3893627419217661,
      "santonin": 0.9998035252455171,
      "chartreusin": 0.9303267213524606,
      "indanone": 0.9920200679587231
    }
  },
  "n_same": 5,
  "n_diff": 40
}
