{
  "bin_Bodis09": {
    "sep15": 0.2924,
    "mar15": 0.2371,
    "sep13": 0.6746965204960884,
    "mar13": 0.21233464949179187
  },
  "bin_rot45": {
    "sep15": 0.2497,
    "mar15": 0.1973,
    "sep13": 0.6720282101373378,
    "mar13": 0.1942736083621163
  },
  "tree_Castillo13": {
    "sep15": 0.0283,
    "mar15": -0.0102,
    "sep13": 0.412713901570831,
    "mar13": 0.06872205506885232
  },
  "nn_Pierens12": {
    "sep15": 0.036,
    "mar15": 0.0298,
    "sep13": 0.09895705729082993,
    "mar13": 0.040643231878126906
  },
  "cosine_uncentred": {
    "sep15": 0.59,
    "mar15": null,
    "sep13": 0.7444516780809725,
    "mar13": 0.372680909253162
  },
  "lcc_new": {
    "sep15": 0.7549,
    "mar15": 0.7096,
    "sep13": 0.744660727072245,
    "mar13": 0.3735629644730799
  }
}