{
  "rows": {
    "bin_Bodis09": {
      "top1": 1.0,
      "mrr": 1.0,
      "auroc": 1.0,
      "auprc": 1.0,
      "loo_error": 0.011764705882352941,
      "loo_balanced_error": 0.1,
      "rejection_fpr": 0.0,
      "false_negative_rate": 0.2,
      "loo_thresholds": {
        "menthol": 0.2126535945477827,
        "rotenone": 0.4221306431285367,
        "santonin": 0.21650580006572143,
        "chartreusin": 0.21650580006572143,
        "indanone": 0.2126535945477827
      },
      "sep": 0.6746965204960884,
      "ci95": [
        0.45116583619139383,
        0.8398810570193347
      ],
      "cluster_ci95": [
        0.4581484701992436,
        0.8162690427985428
      ]
    },
    "bin_rot45": {
      "top1": 1.0,
      "mrr": 1.0,
      "auroc": 1.0,
      "auprc": 1.0,
      "loo_error": 0.011764705882352941,
      "loo_balanced_error": 0.1,
      "rejection_fpr": 0.0,
      "false_negative_rate": 0.2,
      "loo_thresholds": {
        "menthol": 0.24602348416260167,
        "rotenone": 0.4781072128998398,
        "santonin": 0.24602348416260167,
        "chartreusin": 0.24661028573999583,
        "indanone": 0.24661028573999583
      },
      "sep": 0.6720282101373378,
      "ci95": [
        0.4499553350542951,
        0.8273649396592387
      ],
      "cluster_ci95": [
        0.45136379938660454,
        0.7939191835834558
      ]
    },
    "tree_Castillo13": {
      "top1": 1.0,
      "mrr": 1.0,
      "auroc": 1.0,
      "auprc": 1.0,
      "loo_error": 0.0,
      "loo_balanced_error": 0.0,
      "rejection_fpr": 0.0,
      "false_negative_rate": 0.0,
      "loo_thresholds": {
        "menthol": 0.804232854534216,
        "rotenone": 0.8108772397433267,
        "santonin": 0.804232854534216,
        "chartreusin": 0.7765589711204748,
        "indanone": 0.7765589711204748
      },
      "sep": 0.412713901570831,
      "ci95": [
        0.3404321129930815,
        0.4840708137313069
      ],
      "cluster_ci95": [
        0.20784829642709968,
        0.5642331290479217
      ]
    },
    "nn_Pierens12": {
      "top1": 1.0,
      "mrr": 1.0,
      "auroc": 1.0,
      "auprc": 1.0,
      "loo_error": 0.0,
      "loo_balanced_error": 0.0,
      "rejection_fpr": 0.0,
      "false_negative_rate": 0.0,
      "loo_thresholds": {
        "menthol": 0.9729279040203983,
        "rotenone": 0.961003783099377,
        "santonin": 0.9676545736269331,
        "chartreusin": 0.961003783099377,
        "indanone": 0.9676545736269331
      },
      "sep": 0.09895705729082993,
      "ci95": [
        0.08779523536672623,
        0.10964186331196633
      ],
      "cluster_ci95": [
        0.06597049957066045,
        0.13205304666545614
      ]
    },
    "lcc_new": {
      "top1": 1.0,
      "mrr": 1.0,
      "auroc": 1.0,
      "auprc": 1.0,
      "loo_error": 0.0,
      "loo_balanced_error": 0.0,
      "rejection_fpr": 0.0,
      "false_negative_rate": 0.0,
      "loo_thresholds": {
        "menthol": 0.20150901506314778,
        "rotenone": 0.21088251539428482,
        "santonin": 0.20150901506314778,
        "chartreusin": 0.200876542304018,
        "indanone": 0.20150901506314778
      },
      "sep": 0.744660727072245,
      "ci95": [
        0.5082247867630867,
        0.9811712768877046
      ],
      "cluster_ci95": [
        0.5078668222849392,
        0.9823557655139574
      ]
    },
    "local_contrast": {
      "top1": 1.0,
      "mrr": 1.0,
      "auroc": 1.0,
      "auprc": 1.0,
      "loo_error": 0.0,
      "loo_balanced_error": 0.0,
      "rejection_fpr": 0.0,
      "false_negative_rate": 0.0,
      "loo_thresholds": {
        "menthol": 0.3800620419982987,
        "rotenone": 0.23665860229402325,
        "santonin": 0.24980204047804128,
        "chartreusin": 0.24980204047804128,
        "indanone": 0.2395111455409374
      },
      "sep": 0.8203376573753148,
      "ci95": [
        0.6213540419419926,
        0.9806402603786686
      ],
      "cluster_ci95": [
        0.622685218701391,
        0.9848623698242275
      ]
    },
    "cosine_uncentred": {
      "top1": 1.0,
      "mrr": 1.0,
      "auroc": 1.0,
      "auprc": 1.0,
      "loo_error": 0.0,
      "loo_balanced_error": 0.0,
      "rejection_fpr": 0.0,
      "false_negative_rate": 0.0,
      "loo_thresholds": {
        "menthol": 0.20302228729518512,
        "rotenone": 0.21164074739059727,
        "santonin": 0.20302228729518512,
        "chartreusin": 0.20216406177833846,
        "indanone": 0.20302228729518512
      },
      "sep": 0.7444516780809725,
      "ci95": [
        0.5084080075906701,
        0.9805572976102971
      ],
      "cluster_ci95": [
        0.5081001534326096,
        0.9818023948888631
      ]
    }
  },
  "paired_vs_STCC": {
    "bin_Bodis09": {
      "delta": 0.07032068694389429,
      "ci95": [
        -0.08886000710223164,
        0.17081520131876887
      ],
      "p_le_0": 0.2027
    },
    "bin_rot45": {
      "delta": 0.07307212453139646,
      "ci95": [
        -0.11282694583686034,
        0.19007201530589793
      ],
      "p_le_0": 0.2389
    },
    "tree_Castillo13": {
      "delta": 0.3321893935331623,
      "ci95": [
        0.08762814461702641,
        0.5646330790092176
      ],
      "p_le_0": 0.0042
    },
    "nn_Pierens12": {
      "delta": 0.6462054692568274,
      "ci95": [
        0.40943548307803185,
        0.8795184852429343
      ],
      "p_le_0": 0.0
    },
    "local_contrast": {
      "delta": -0.07584608725790344,
      "ci95": [
        -0.20973106937723812,
        0.0011311862487535513
      ],
      "p_le_0": 0.9505
    },
    "cosine_uncentred": {
      "delta": 0.00020835667102981007,
      "ci95": [
        -0.00022234443873728467,
        0.0005829765027581282
      ],
      "p_le_0": 0.1608
    }
  },
  "cluster_paired": {
    "bin_Bodis09": {
      "delta": 0.14564113687922642,
      "ci95": [
        -0.04361077192657925,
        0.31536638827072205
      ],
      "p_le_0": 0.0524
    },
    "bin_rot45": {
      "delta": 0.1483094472379769,
      "ci95": [
        -0.056339179487711055,
        0.3199847601903759
      ],
      "p_le_0": 0.0647
    },
    "tree_Castillo13": {
      "delta": 0.40762375580448384,
      "ci95": [
        0.0712639753740355,
        0.6950306540761737
      ],
      "p_le_0": 0.0097
    },
    "nn_Pierens12": {
      "delta": 0.7213806000844851,
      "ci95": [
        0.49012483783376737,
        0.9029098408664711
      ],
      "p_le_0": 0.0018
    },
    "lcc_new": {
      "delta": 0.07567693030306988,
      "ci95": [
        0.0013589155004496423,
        0.20569188883842582
      ],
      "p_le_0": 0.0067
    },
    "cosine_uncentred": {
      "delta": 0.07588597929434238,
      "ci95": [
        0.0016552897734128935,
        0.20627748667234758
      ],
      "p_le_0": 0.009
    }
  },
  "n_query": 10,
  "n_same": 5
}