{
  "rows": {
    "bin_Bodis09": {
      "top1": 1.0,
      "mrr": 1.0,
      "sep": 0.6457433735102228,
      "ci95": [
        0.41826590268483604,
        0.8373604744113003
      ]
    },
    "bin_rot45": {
      "top1": 1.0,
      "mrr": 1.0,
      "sep": 0.6495934028569038,
      "ci95": [
        0.4356253045799249,
        0.8192514283825241
      ]
    },
    "tree_Castillo13": {
      "top1": 1.0,
      "mrr": 1.0,
      "sep": 0.41366580005457837,
      "ci95": [
        0.33796921381642525,
        0.48816884450985715
      ]
    },
    "nn_Pierens12": {
      "top1": 1.0,
      "mrr": 1.0,
      "sep": 0.1008991504118184,
      "ci95": [
        0.08927238517904786,
        0.11200526242265074
      ]
    },
    "lcc_new": {
      "top1": 1.0,
      "mrr": 1.0,
      "sep": 0.7778497503974083,
      "ci95": [
        0.5466972071539814,
        0.9812383829270497
      ]
    },
    "cosine_uncentred": {
      "top1": 1.0,
      "mrr": 1.0,
      "sep": 0.777264162122572,
      "ci95": [
        0.5466789999298254,
        0.9802160157000699
      ]
    }
  },
  "n_query": 10,
  "n_same": 5
}